,Tipo,Precisión,Recall,F1-score
0,KCHI,0.7341507957213671,0.1669435215946844,0.27202861423945096
1,OCH,0.0,0.0,0.0
2,FEM,0.40037412113784426,0.33838521506841845,0.36677893990427224
3,MAL,0.4214309049330284,0.30841568377430667,0.35617320878008374
